<?xml version="1.0" encoding="UTF-8"?>
<beans xmlns="http://www.springframework.org/schema/beans"
	xmlns:xsi="http://www.w3.org/2001/XMLSchema-instance"
	xsi:schemaLocation="http://www.springframework.org/schema/beans http://www.springframework.org/schema/beans/spring-beans.xsd
		http://www.springframework.org/schema/context http://www.springframework.org/schema/context/spring-context.xsd"
	xmlns:context="http://www.springframework.org/schema/context">

	<context:annotation-config/>
<bean id="employee1" class="org.mycompany.Employee">
	<constructor-arg  value="contract"/>
	<constructor-arg value="25"/>
	
</bean>
<bean id="addr1" class="org.mycompany.Address">
	<property name="doorno" value="5"/>
	<property name="city" value="Hyderabad"/>
</bean>
<bean id="addr2" class="org.mycompany.Address">
	<property name="doorno" value="5"/>
	<property name="city" value="Bangalore"/>
</bean>
<bean id="addr3" class="org.mycompany.Address">
	<property name="doorno" value="5"/>
	<property name="city" value="Patna"/>
</bean>

</beans>